dataset,method,validation_AUROC,AUROC,Accuracy,F1Score,Precision,Recall,HTER
oulu,original_lcf_cltc,0.8555690586419754,0.874795283564815,0.8902777777777777,0.9346783529022656,0.8923271234606883,0.98125,0.24618055555555554
oulu,original_region,0.918815586419753,0.9245181086033951,0.9213888888888889,0.9521150592216582,0.9285478547854785,0.9769097222222223,0.1618923611111111
oulu,tta_mean_4views,0.8575655864197531,0.8774147617669753,0.8927777777777778,0.9360291680477295,0.8953709575142677,0.9805555555555555,0.23888888888888887
oulu,mean_no_penalty,0.9157388117283951,0.921628387827932,0.9193055555555556,0.9506497918967128,0.9306502577748212,0.9715277777777778,0.1590277777777778
oulu,median_no_penalty,0.9183690200617284,0.9240911337770061,0.9229166666666667,0.9532237673830595,0.9262899262899262,0.9817708333333334,0.16536458333333334
oulu,lcf_cltc_spr,0.9177334104938272,0.9235427517361111,0.9208333333333333,0.9517766497461929,0.9282178217821783,0.9765625,0.16276041666666666
lcc,original_lcf_cltc,0.8444494468741961,0.837747897648064,0.8299964247407937,0.9048714614384316,0.9858326068003488,0.8361989277130708,0.25757621181914025
lcc,original_region,0.8968838435811681,0.8721030514707718,0.7988916696460493,0.8847690259141657,0.9919614147909968,0.7984840081345905,0.19535259052729936
lcc,tta_mean_4views,0.8436454849498327,0.8342832016708888,0.8768323203432249,0.9330613037986981,0.9832104832104832,0.8877796265483453,0.277731808347449
lcc,mean_no_penalty,0.893314252636995,0.8678928512539161,0.7788702180908116,0.8718267537042793,0.9917491749174917,0.7777777777777778,0.2057057057057057
lcc,median_no_penalty,0.8962889117571392,0.8716753359016255,0.797640328923847,0.8839926214388194,0.9917222349965509,0.797374745794047,0.1986099244002738
lcc,lcf_cltc_spr,0.8946970671468999,0.871305581788111,0.7926349660350376,0.880781089414183,0.9916685952325851,0.7921981882048438,0.2011982031948754
nuaa,original_lcf_cltc,0.9834112638041473,0.9840275606593814,0.9437250996015937,0.9678276549302458,0.9924094978590892,0.9444341544730506,0.05898292276347472
nuaa,original_region,0.9993727547471061,0.9985458047786627,0.9931938911022576,0.9962019453450671,0.9964788732394366,0.9959251713280237,0.017237414335988147
nuaa,tta_mean_4views,0.9722443975594458,0.9695762919059085,0.9385790172642763,0.9649820177929207,0.9866460228372363,0.9442489349879607,0.08307553250601964
nuaa,mean_no_penalty,0.9983748645720476,0.9952299314687906,0.9819057104913679,0.9898595218159829,0.994392523364486,0.9853676606779033,0.031316169661048346
nuaa,median_no_penalty,0.9993157324513885,0.9984429709205408,0.9921978751660027,0.9956445185802983,0.9962908011869436,0.9949990739025746,0.018500463048712723
nuaa,lcf_cltc_spr,0.9992872213035296,0.9984512687534728,0.9923638778220452,0.9957367933271548,0.9964756074939715,0.9949990739025746,0.017700463048712724
replay,original_lcf_cltc,0.9999111872363371,0.9988256778790227,0.9945328031809145,0.9970422156493681,0.9976681614349776,0.9964170548190613,0.016108653207209455
replay,original_region,0.9997145304025121,0.9992696000517712,0.9958581842279656,0.997760057342532,0.9980283204875425,0.9974919383733429,0.013368568258262478
replay,tta_mean_4views,0.9972658356329496,0.9958804022368942,0.9852551358515573,0.9920014379437404,0.9953110910730387,0.988713722680043,0.03427749989345868
replay,mean_no_penalty,0.9978494623655914,0.9969099070801838,0.9831013916500994,0.9908091548026672,0.9967367657722987,0.9849516302400573,0.027347973426226843
replay,median_no_penalty,0.9996891553271798,0.9992052806614086,0.99519549370444,0.9974025974025974,0.9973132724341752,0.9974919383733429,0.017773854601874813
replay,lcf_cltc_spr,0.999701842864846,0.9992467133975317,0.9956925115970842,0.9976706683390073,0.9978494623655914,0.9974919383733429,0.01446988984416556
