dataset,setting,method,AUROC,Accuracy,F1Score,Precision,Recall,HTER
oulu,"rho=.1,beta=.25",original_lcf_cltc,0.874795283564815,0.8902777777777777,0.9346783529022656,0.8923271234606883,0.98125,0.24618055555555554
oulu,"rho=.1,beta=.25",tta_mean_4views,0.8774145206404321,0.8926388888888889,0.935951611566824,0.8952290378823903,0.9805555555555555,0.2392361111111111
oulu,"rho=.1,beta=.25",tta_blend_4views,0.875670211226852,0.8911111111111111,0.9346339836584959,0.8991017003529035,0.9730902777777778,0.23185763888888888
oulu,"rho=.1,beta=.25",mean_no_penalty,0.883316936728395,0.8952777777777777,0.9373858163095832,0.8984399872652021,0.9798611111111111,0.2315972222222222
oulu,"rho=.1,beta=.25",median_no_penalty,0.8838656201774691,0.8955555555555555,0.9374271925445166,0.9001278363694472,0.9779513888888889,0.22803819444444445
oulu,"rho=.1,beta=.25",lcf_cltc_spr,0.8836451099537037,0.8954166666666666,0.9373283395755306,0.9002398081534773,0.9776041666666667,0.22786458333333334
lcc,"rho=.1,beta=.25",original_lcf_cltc,0.837747897648064,0.8299964247407937,0.9048714614384316,0.9858326068003488,0.8361989277130708,0.25757621181914025
lcc,"rho=.1,beta=.25",tta_mean_4views,0.8342832016708888,0.8768323203432249,0.9330613037986981,0.9832104832104832,0.8877796265483453,0.277731808347449
lcc,"rho=.1,beta=.25",tta_blend_4views,0.837181274452489,0.8337504469074007,0.9071670992214015,0.9858971577348665,0.8400813459049732,0.25563500272318906
lcc,"rho=.1,beta=.25",mean_no_penalty,0.8448621666591717,0.828923846978906,0.9040986070748572,0.987089715536105,0.8339804030319837,0.2424692579434676
lcc,"rho=.1,beta=.25",median_no_penalty,0.846002408398415,0.836968180193064,0.9090183559457302,0.9872156013001083,0.8422998705860603,0.23830952416642934
lcc,"rho=.1,beta=.25",lcf_cltc_spr,0.8456426476393198,0.8378619949946371,0.9095622694186858,0.9872294372294372,0.8432242558698465,0.2378473315245362
nuaa,"rho=.1,beta=.25",original_lcf_cltc,0.9840275606593814,0.9437250996015937,0.9678276549302458,0.9924094978590892,0.9444341544730506,0.05898292276347472
nuaa,"rho=.1,beta=.25",tta_mean_4views,0.9695762919059084,0.9385790172642763,0.9649820177929207,0.9866460228372363,0.9442489349879607,0.08307553250601964
nuaa,"rho=.1,beta=.25",tta_blend_4views,0.9815885904797185,0.9435590969455512,0.9677541729893778,0.991642371234208,0.9449898129283201,0.06190509353583997
nuaa,"rho=.1,beta=.25",mean_no_penalty,0.9856124467493981,0.9435590969455512,0.9677174325864033,0.9927917397233587,0.9438784960177811,0.05766075199110947
nuaa,"rho=.1,beta=.25",median_no_penalty,0.9884292646786442,0.950199203187251,0.9715909090909091,0.9939934121294323,0.9501759585108354,0.04971202074458233
nuaa,"rho=.1,beta=.25",lcf_cltc_spr,0.9884550472309687,0.9500332005312085,0.9714881121530737,0.9941837921675067,0.9498055195406557,0.049097240229672164
replay,"rho=.1,beta=.25",original_lcf_cltc,0.9988256778790227,0.9945328031809145,0.9970422156493681,0.9976681614349776,0.9964170548190613,0.016108653207209455
replay,"rho=.1,beta=.25",tta_mean_4views,0.9958804022368942,0.9852551358515573,0.9920014379437404,0.9953110910730387,0.988713722680043,0.03427749989345868
replay,"rho=.1,beta=.25",tta_blend_4views,0.9985660327326507,0.9922133863485753,0.9957813481734136,0.9978413383702105,0.9937298459333572,0.016350936064158394
replay,"rho=.1,beta=.25",mean_no_penalty,0.998835148218708,0.9935387673956262,0.9965013007984211,0.9980233602875113,0.9949838767466858,0.014622599071591033
replay,"rho=.1,beta=.25",median_no_penalty,0.9990620417736683,0.9953611663353215,0.9974905897114178,0.9980272596843616,0.9969544965962021,0.013637289146832883
replay,"rho=.1,beta=.25",lcf_cltc_spr,0.9990640147611027,0.9955268389662028,0.9975804283537951,0.9980276134122288,0.997133643855249,0.013547715517309414
